<?xml version="1.0" encoding="utf-8"?>
<manifest identifier="ytikJWpAM4jNl" xmlns="http://www.imsglobal.org/xsd/imscp_v1p1" xmlns:imsss="http://www.imsglobal.org/xsd/imsss" xmlns:adlcp="http://www.adlnet.org/xsd/adlcp_v1p3" xmlns:adlseq="http://www.adlnet.org/xsd/adlseq_v1p3" xmlns:adlnav="http://www.adlnet.org/xsd/adlnav_v1p3" xmlns:lom="http://ltsc.ieee.org/xsd/LOM" xmlns:xsi="http://www.w3.org/2001/XMLSchema-instance" xsi:schemaLocation="http://www.imsglobal.org/xsd/imscp_v1p1 imscp_v1p1.xsd http://www.imsglobal.org/xsd/imsss imsss_v1p0.xsd http://www.adlnet.org/xsd/adlcp_v1p3 adlcp_v1p3.xsd http://www.adlnet.org/xsd/adlseq_v1p3 adlseq_v1p3.xsd http://www.adlnet.org/xsd/adlnav_v1p3 adlnav_v1p3.xsd http://ltsc.ieee.org/xsd/LOM lom.xsd">
	<metadata>
		<schema>ADL SCORM</schema>
		<schemaversion>CAM 1.3</schemaversion>
		<lom:lom>
			<lom:general>
				<lom:title>
					<lom:string>Quiz 1</lom:string>
				</lom:title>
			</lom:general>
			<lom:educational>
				<lom:typicalLearningTime>
					<lom:duration>PT1H0M0S</lom:duration>
				</lom:typicalLearningTime>
			</lom:educational>
			<lom:metaMetadata>
				<lom:metadataSchema>LOMv1.0</lom:metadataSchema>
				<lom:metadataSchema>SCORM_CAM_v1.3</lom:metadataSchema>
			</lom:metaMetadata>
		</lom:lom>
	</metadata>
	<organizations default="quiz_1_organization">
		<organization identifier="quiz_1_organization">
			<title>Quiz 1</title>
			<item identifier="54B303BF-F2B3-44C8-81F1-55EAA8E4D6F6" identifierref="resource">
				<title>Quiz 1</title>
				<imsss:sequencing>
					<imsss:deliveryControls completionSetByContent="true" objectiveSetByContent="true"/>
			       	</imsss:sequencing>
			</item>
			<imsss:sequencing>
				<imsss:controlMode flow="true"/>
			</imsss:sequencing>
		</organization>
	</organizations>
	<resources>
		<resource identifier="resource" type="webcontent" adlcp:scormType="sco" href="res/index.html">
			<file href="res/data/apple-touch-icon.png"/>
<file href="res/data/browsersupport.js"/>
<file href="res/data/favicon.ico"/>
<file href="res/data/fonts/fnt0.woff"/>
<file href="res/data/fonts/fnt1.woff"/>
<file href="res/data/fonts/fnt2.woff"/>
<file href="res/data/fonts/fnt3.woff"/>
<file href="res/data/fonts/fnt4.woff"/>
<file href="res/data/fonts/fnt5.woff"/>
<file href="res/data/goodbye.html"/>
<file href="res/data/html5-unsupported.html"/>
<file href="res/data/html5.png"/>
<file href="res/data/images/img-077e472fa3577bbf7f3c1ed37db502e25845c605.jpg"/>
<file href="res/data/images/img-1208ac4bacd8568c72b8567bd5c43d53544a83d2.png"/>
<file href="res/data/images/img-27d91eb795b1940fa0bd885c6cdac270793d20ea.jpg"/>
<file href="res/data/images/img-2adfdabdaf2b561c0b80900e6e4e2fff268e1cbc.jpg"/>
<file href="res/data/images/img-2ffcbaf158406bba146a7232090b81329a7b9a73.png"/>
<file href="res/data/images/img-357b1fc0bc16365b2f29948be13557ed53681faa.jpg"/>
<file href="res/data/images/img-45dca3d51b89d9bcf720e31ccd41c2b61f40f4d6.png"/>
<file href="res/data/images/img-653e36e30dcc21a747284752be76d1c77605db67.jpg"/>
<file href="res/data/images/img-792f68e8b1c6b98ca45c7c7ac733f5f598827a00.jpg"/>
<file href="res/data/images/img-c105f0b9b86fdf82b635e97e9ac19363d6448594.jpg"/>
<file href="res/data/images/img-c8fd05b3dd430ac93dd3500d710dc2cc501240b6.jpg"/>
<file href="res/data/images/img-d773bb1c4070619a9c8d72185c677e238a7ad53e.jpg"/>
<file href="res/data/images/img-e7596e84dda1b8e4cea49e4a88f4c89a5fb1b101.jpg"/>
<file href="res/data/images/img-f63af8b007b7844233e9be75db021fa905e04170.png"/>
<file href="res/data/lms.js"/>
<file href="res/data/player.js"/>
<file href="res/index.html"/>
<file href="res/preview.png"/>

		</resource>
	</resources>
</manifest>
