<?xml version="1.0" encoding="UTF-8" standalone="no" ?>
<presentation availableOffline="1" guid="61BA3F97-7E6B-4EAE-A91A-1A49999F717B" version="0">
	<info>
		<title>Quiz 1</title>
		<description/>
	</info>
	<files index="id33" thumbnail="id28" totalSize="2100411">
		<file id="id0">data/apple-touch-icon.png</file>
		<file id="id1">data/browsersupport.js</file>
		<file id="id2">data/favicon.ico</file>
		<file id="id3">data/fonts/fnt0.woff</file>
		<file id="id4">data/fonts/fnt1.woff</file>
		<file id="id5">data/fonts/fnt2.woff</file>
		<file id="id6">data/fonts/fnt3.woff</file>
		<file id="id7">data/fonts/fnt4.woff</file>
		<file id="id8">data/fonts/fnt5.woff</file>
		<file id="id9">data/goodbye.html</file>
		<file id="id10">data/html5-unsupported.html</file>
		<file id="id11">data/html5.png</file>
		<file id="id12">data/images/img-077e472fa3577bbf7f3c1ed37db502e25845c605.jpg</file>
		<file id="id13">data/images/img-1208ac4bacd8568c72b8567bd5c43d53544a83d2.png</file>
		<file id="id14">data/images/img-27d91eb795b1940fa0bd885c6cdac270793d20ea.jpg</file>
		<file id="id15">data/images/img-2adfdabdaf2b561c0b80900e6e4e2fff268e1cbc.jpg</file>
		<file id="id16">data/images/img-2ffcbaf158406bba146a7232090b81329a7b9a73.png</file>
		<file id="id17">data/images/img-357b1fc0bc16365b2f29948be13557ed53681faa.jpg</file>
		<file id="id18">data/images/img-45dca3d51b89d9bcf720e31ccd41c2b61f40f4d6.png</file>
		<file id="id19">data/images/img-653e36e30dcc21a747284752be76d1c77605db67.jpg</file>
		<file id="id20">data/images/img-792f68e8b1c6b98ca45c7c7ac733f5f598827a00.jpg</file>
		<file id="id21">data/images/img-c105f0b9b86fdf82b635e97e9ac19363d6448594.jpg</file>
		<file id="id22">data/images/img-c8fd05b3dd430ac93dd3500d710dc2cc501240b6.jpg</file>
		<file id="id23">data/images/img-d773bb1c4070619a9c8d72185c677e238a7ad53e.jpg</file>
		<file id="id24">data/images/img-e7596e84dda1b8e4cea49e4a88f4c89a5fb1b101.jpg</file>
		<file id="id25">data/images/img-f63af8b007b7844233e9be75db021fa905e04170.png</file>
		<file id="id26">data/ismplayer/app_store2x.png</file>
		<file id="id27">data/ismplayer/play.svg</file>
		<file id="id28">data/ismplayer/preview.png</file>
		<file id="id29">data/ismplayer/style.css</file>
		<file id="id30">data/ismplayer/style_mini.css</file>
		<file id="id31">data/lms.js</file>
		<file id="id32">data/player.js</file>
		<file id="id33">index.html</file>
		<file id="id34">ismplayer.html</file>
		<file id="id35">preview.png</file>
	</files>
</presentation>

